Workbook

Sheet GRAPH
A1: =Y1&" "&"Wafer Lot: "&Y2&" SEE QUALIFIED EPI ID: " & Y3 & " " & "WAFERS: " & Y4 -> EPC7014UBSH Wafer Lot: E3637M SEE QUALIFIED EPI ID: 3621A1761 WAFERS: WAFER NO, P090, P091, P098, P099 | X1: PRODUCT | Y1: EPC7014UBSH
A2: ="WAFERS QUALIFIED: " & Y4 -> WAFERS QUALIFIED: WAFER NO, P090, P091, P098, P099 | X2: ELOT | Y2: E3637M
A3: ="15MeV " & Y5 & " Beam LET=" & Y6 & " Beam Energy: " & Y7 &"MeV Range: " & Y8 &"µm VDS=" & Y9 & "V, VGS=" & Y10 &"V" -> 15MeV AU Beam LET=82.3 Beam Energy: 2374MeV Range: 127.5µm VDS=60V, VGS=-4V | X3: EPI ID | Y3: 3621A1761
A4: ="Fluence = " & TEXT(Y13,"0.00E+0") &" Flux = " & TEXT(Y14,"0.00E+0") -> Fluence = 1.00E+7 Flux = 4.83E+4 | X4: WAFERS | Y4: WAFER NO, P090, P091, P098, P099 | Z4: P091, P099
A5: ="IDS <" &Y21*1000000 & " µA @VDS=" & Z9 &"V IGSSF<" & Y11*1000 &"mA @VGS=" & AA11 & "V IGSSR<" & Y12*1000000 & "uA @ VGS=" & AA12 & "V" -> IDS <100 µA @VDS=60V IGSSF<0.5mA @VGS=6V IGSSR<-100uA @ VGS=-4V | X5: ION | Y5: AU
A6: ="Run Ends at Fluence of " & TEXT(Y13,"0.00E+0") -> Run Ends at Fluence of 1.00E+7 | X6: LET | Y6: 82.3
A7: ="Tested at: "&Y15&" on: "& TEXT(Y16,"MM/DD/YYYY") -> Tested at: Texas A&M University on: 04/18/2023 | X7: ENERGY | Y7: 2374
X8: LENGTH | Y8: 127.5
X9: VDS | Y9: 60 | Z9: 60
X10: VGS | Y10: -4
X11: IGSSF | Y11: 0.0005 | Z11: VGS | AA11: 6
X12: IGSSR | Y12: -0.0001 | Z12: VGS | AA12: -4
X13: FLUENCE | Y13: 10000000
X14: FLUX | Y14: 48300
X15: LOCATION | Y15: Texas A&M University
X16: SEE DATE | Y16: 45034
X20: IDS MAX LIMIT
X21: 0 | Y21: 0.0001
X22: 10000000 | Y22: 0.0001
X24: IGSR MAX LIMIT
X25: 0 | Y25: -0.0001
X26: 10000000 | Y26: -0.0001
X28: ="IDS_" & AA28 &"_" & Wafer1!C1 -> IDS__P091-1 | Y28: ="IGS_" & AA28 &"_" & Wafer1!C1 -> IGS__P091-1 | AB28: 98
X29: ="IDS_"&AA29&"_ " & Wafer1!G1 -> IDS__ P091-2 | Y29: ="IGS_" & AA29 &"_" &Wafer1!G1 -> IGS__P091-2 | AB29: 99
X30: ="IDS_" & AA30 &"_"& Wafer1!K1 -> IDS__P091-3 | Y30: ="IGS_" & AA30 &"_" &Wafer1!K1 -> IGS__P091-3 | AB30: 100
X31: ="IDS_" & AA31 &"_" & Wafer1!O1 -> IDS__P099-1 | Y31: ="IGS_" & AA31 &"_" &Wafer1!O1 -> IGS__P099-1 | AB31: 94
X32: ="IDS_" & AA32 &"_" & Wafer1!S1 -> IDS__P099-2 | Y32: ="IGS_"&AA32&"_"&Wafer1!S1 -> IGS__P099-2 | AB32: 95
X33: ="IDS_" & AA33&"_" & Wafer1!W1 -> IDS__P099-3 | Y33: ="IGS_"&AA33&"_"&Wafer1!W1 -> IGS__P099-3 | AB33: 96
X34: ="IDS_" & AA34 &"_" & Wafer1!AA1 -> IDS__P099-4 | Y34: ="IGS_" & AA34 &"_" & Wafer1!AA1 -> IGS__P099-4 | AB34: 97
X35: ="IDS_" & AA35 &"_" & Wafer1!AE1 -> IDS__ | Y35: ="IGS_" & AA35 &"_" &Wafer1!AE1 -> IGS__
X36: ="IDS_" &AA36&"_" & Wafer1!AI1 -> IDS__ | Y36: ="IGS_" & AA36 &"_" &Wafer1!AI1 -> IGS__
X37: ="IDS_" &AA37 &"_" & Wafer1!AM1 -> IDS__ | Y37: ="IGS_" &AA37 &"_" &Wafer1!AM1 -> IGS__
A38: Operator | B38: MZ/JB | G38: Operator | H38: MZ/JB | X38: ="IDS_" &AA38 &"_" & Wafer1!AQ1 -> IDS__ | Y38: ="IGS_" &AA38 &"_" &Wafer1!AQ1 -> IGS__
A39: Station | B39: SEE TEST STATION | G39: Station | H39: SEE TEST STATION | X39: ="IDS_" &AA39 &"_" & Wafer1!AU1 -> IDS__ | Y39: ="IGS_" &AA39 &"_" &Wafer1!AU1 -> IGS__
A40: Lot Number | B40: =Y2 -> E3637M | G40: Lot Number | H40: =Y2 -> E3637M
A41: Process | B41: SEE TESTING | G41: Process | H41: SEE TESTING
A42: Start Date | B42: =Y16 -> 45034 | G42: Start Date | H42: =Y16 -> 45034
A43: Finish Date | B43: =Y16 -> 45034 | G43: Finish Date | H43: =Y16 -> 45034
A44: Part Number | B44: =Y1 -> EPC7014UBSH | G44: Part Number | H44: =Y1 -> EPC7014UBSH
A45: Process | B45: PRE SEE | G45: Remarks | H45: POST SEE
A46: =COUNTA(F50:F63)/2 -> 7 | B46: =IF(COUNTA(A50:A63)=COUNTIF(B50:B63,"PASS"),"PASS","FAIL") -> PASS
A47: PRE AND POST SEE PARAMETRIC DATA | M47: 5 (V) | N47: -4 (V) | O47: 60 (V) | P47: 0.14e-3 (A) | Q47: 0.14e-3 (A)
M48: 500e-6 (A) | N48: -100e-6 (A) | O48: 100e-6 (A) | P48: 2.5 (V) | Q48: 0.8 (V)
A49: SN# | B49: P/P | C49: PRE/POST | D49: DATE | E49: TIME | F49: FAMILY | G49: ELOT | H49: EPI ID | I49: WAFER | J49: ION | K49: RUN | L49: SOCKET | M49: IGSSF Max | N49: IGSSR Max | O49: IDSS Max | P49: Vth Max | Q49: Vth Min
A50: P091-1 | B50: PASS | C50: PRE | D50: 45034 | E50: 0.61388889 | F50: EPC7014UB | G50: E3637M | H50: 3621A1761 | I50: P091 | J50: AU | K50: 98 | L50: 10 | M50: 7.25e-07 | N50: -1.98e-07 | O50: -1.17e-08 | P50: 1.76 | Q50: 1.76
A51: P091-1 | B51: PASS | C51: POST | D51: 45034 | E51: 0.61666667 | F51: EPC7014UB | G51: E3637M | H51: 3621A1761 | I51: P091 | J51: AU | K51: 98 | L51: 10 | M51: 6.94e-06 | N51: -1.11e-07 | O51: 3.41e-06 | P51: 1.58 | Q51: 1.58
A52: P091-2 | B52: PASS | C52: PRE | D52: 45034 | E52: 0.61805556 | F52: EPC7014UB | G52: E3637M | H52: 3621A1761 | I52: P091 | J52: AU | K52: 99 | L52: 11 | M52: 6.4e-07 | N52: -1.53e-07 | O52: -3.33e-08 | P52: 1.75 | Q52: 1.75
A53: P091-2 | B53: PASS | C53: POST | D53: 45034 | E53: 0.62291667 | F53: EPC7014UB | G53: E3637M | H53: 3621A1761 | I53: P091 | J53: AU | K53: 99 | L53: 11 | M53: 2.08e-05 | N53: -6.61e-08 | O53: 3.37e-06 | P53: 1.57 | Q53: 1.57
A54: P091-3 | B54: PASS | C54: PRE | D54: 45034 | E54: 0.62291667 | F54: EPC7014UB | G54: E3637M | H54: 3621A1761 | I54: P091 | J54: AU | K54: 100 | L54: 12 | M54: 6.56e-07 | N54: -1.45e-07 | O54: 3.93e-11 | P54: 1.77 | Q54: 1.77
A55: P091-3 | B55: PASS | C55: POST | D55: 45034 | E55: 0.62569444 | F55: EPC7014UB | G55: E3637M | H55: 3621A1761 | I55: P091 | J55: AU | K55: 100 | L55: 12 | M55: 2.26e-05 | N55: -9.74e-08 | O55: 2.81e-06 | P55: 1.58 | Q55: 1.58
A56: P099-1 | B56: PASS | C56: PRE | D56: 45034 | E56: 0.59722222 | F56: EPC7014UB | G56: E3637M | H56: 3621A1761 | I56: P099 | J56: AU | K56: 94 | L56: 6 | M56: 1.24e-06 | N56: -2.88e-08 | O56: 6.28e-11 | P56: 1.79 | Q56: 1.79
A57: P099-1 | B57: PASS | C57: POST | D57: 45034 | E57: 0.60069444 | F57: EPC7014UB | G57: E3637M | H57: 3621A1761 | I57: P099 | J57: AU | K57: 94 | L57: 6 | M57: 7.16e-06 | N57: -1.2e-08 | O57: 4.62e-07 | P57: 1.66 | Q57: 1.66
A58: P099-2 | B58: PASS | C58: PRE | D58: 45034 | E58: 0.60069444 | F58: EPC7014UB | G58: E3637M | H58: 3621A1761 | I58: P099 | J58: AU | K58: 95 | L58: 7 | M58: 1.16e-06 | N58: -2.44e-08 | O58: -2.39e-09 | P58: 1.8 | Q58: 1.8
A59: P099-2 | B59: PASS | C59: POST | D59: 45034 | E59: 0.60416667 | F59: EPC7014UB | G59: E3637M | H59: 3621A1761 | I59: P099 | J59: AU | K59: 95 | L59: 7 | M59: 6.17e-06 | N59: -8.94e-09 | O59: 2.67e-07 | P59: 1.67 | Q59: 1.67
A60: P099-3 | B60: PASS | C60: PRE | D60: 45034 | E60: 0.60416667 | F60: EPC7014UB | G60: E3637M | H60: 3621A1761 | I60: P099 | J60: AU | K60: 96 | L60: 8 | M60: 1.39e-06 | N60: -2.73e-08 | O60: -3.51e-09 | P60: 1.79 | Q60: 1.79
A61: P099-3 | B61: PASS | C61: POST | D61: 45034 | E61: 0.60694444 | F61: EPC7014UB | G61: E3637M | H61: 3621A1761 | I61: P099 | J61: AU | K61: 96 | L61: 8 | M61: 9.39e-06 | N61: -1.41e-08 | O61: 3.52e-07 | P61: 1.64 | Q61: 1.64
... A63: P099-4 | B63: PASS | C63: POST | D63: 45034 | E63: 0.61319444 | F63: EPC7014UB | G63: E3637M | H63: 3621A1761 | I63: P099 | J63: AU | K63: 97 | L63: 9 | M63: 8.66e-06 | N63: -1.05e-08 | O63: 4.93e-07 | P63: 1.65 | Q63: 1.65
A65: TAMU RUN LOG 04-26-2022
A66: Run_number | B66: Run_file_name | C66: Run_start_date_and_time | D66: Run_end_date_and_time | E66: Duration_of_the_run | F66: Number_of_events | G66: Selected_beam | H66: Al_thickness(mil) | I66: Number_of_layers(file) | J66: Beam_energy(MeV/amu) | K66: Beam_energy(MeV) | L66: Target_material | M66: Nominal_LET(MeVcm2/mg) | N66: Nominal_range(um) | O66: Eff._LET(MeVcm2/mg) | P66: Eff._range(um) | Q66: DUT_location | R66: Position_set_name | S66: Eff._fluence(ions/cm2)
A67: 98 | B67: EPC_april_2023.#2p | C67: 23/04/18___13:44:34 | D67: 23/04/18___13:47:59 | E67: 00:03:25_(+_0_days) | F67: 0 | G67: 15.0_MeV/u_197Au_@_K500 | H67: 0 | I67: 3_(20_mm_air_Si) | J67: 12.05 | K67: 2374 | L67: silicon | M67: 82.3 | N67: 127.5 | O67: 82.3 | P67: 127.5 | Q67: In-air | R67: Current | S67: 9991000
A68: 99 | B68: EPC_april_2023.#2q | C68: 23/04/18___13:50:06 | D68: 23/04/18___13:56:24 | E68: 00:06:18_(+_0_days) | F68: 0 | G68: 15.0_MeV/u_197Au_@_K500 | H68: 0 | I68: 3_(20_mm_air_Si) | J68: 12.05 | K68: 2374 | L68: silicon | M68: 82.3 | N68: 127.5 | O68: 82.3 | P68: 127.5 | Q68: In-air | R68: Current | S68: 10010000
A69: 100 | B69: EPC_april_2023.#2r | C69: 23/04/18___13:57:18 | D69: 23/04/18___14:00:53 | E69: 00:03:35_(+_0_days) | F69: 0 | G69: 15.0_MeV/u_197Au_@_K500 | H69: 0 | I69: 3_(20_mm_air_Si) | J69: 12.05 | K69: 2374 | L69: silicon | M69: 82.3 | N69: 127.5 | O69: 82.3 | P69: 127.5 | Q69: In-air | R69: Current | S69: 10010000
A70: 94 | B70: EPC_april_2023.#2l | C70: 23/04/18___13:20:50 | D70: 23/04/18___13:24:34 | E70: 00:03:44_(+_0_days) | F70: 0 | G70: 15.0_MeV/u_197Au_@_K500 | H70: 0 | I70: 3_(20_mm_air_Si) | J70: 12.05 | K70: 2374 | L70: silicon | M70: 82.3 | N70: 127.5 | O70: 82.3 | P70: 127.5 | Q70: In-air | R70: Current | S70: 9994000
A71: 95 | B71: EPC_april_2023.#2m | C71: 23/04/18___13:25:49 | D71: 23/04/18___13:29:26 | E71: 00:03:37_(+_0_days) | F71: 0 | G71: 15.0_MeV/u_197Au_@_K500 | H71: 0 | I71: 3_(20_mm_air_Si) | J71: 12.05 | K71: 2374 | L71: silicon | M71: 82.3 | N71: 127.5 | O71: 82.3 | P71: 127.5 | Q71: In-air | R71: Current | S71: 9985000
A72: 96 | B72: EPC_april_2023.#2n | C72: 23/04/18___13:30:45 | D72: 23/04/18___13:33:56 | E72: 00:03:11_(+_0_days) | F72: 0 | G72: 15.0_MeV/u_197Au_@_K500 | H72: 0 | I72: 3_(20_mm_air_Si) | J72: 12.05 | K72: 2374 | L72: silicon | M72: 82.3 | N72: 127.5 | O72: 82.3 | P72: 127.5 | Q72: In-air | R72: Current | S72: 10020000
A73: 97 | B73: EPC_april_2023.#2o | C73: 23/04/18___13:34:57 | D73: 23/04/18___13:42:41 | E73: 00:07:44_(+_0_days) | F73: 0 | G73: 15.0_MeV/u_197Au_@_K500 | H73: 0 | I73: 3_(20_mm_air_Si) | J73: 12.05 | K73: 2374 | L73: silicon | M73: 82.3 | N73: 127.5 | O73: 82.3 | P73: 127.5 | Q73: In-air | R73: Current | S73: 9985000
A75: TAMU RUN LOG 04-26-2022 contd.
A76: Run_number | B76: Dose(rad) | C76: Live_time(s) | D76: Dead_time(s) | E76: Aver._flux(ions/(cm2s)) | F76: Aver._flux_error(%) | G76: Overall_uniformity(%) | H76: Overall_central_shift(%) | I76: Calibration_factor | J76: DUT_X_coordinate | K76: DUT_Y_coordinate | L76: DUT_Z_coordinate | M76: DUT_tilt_angle | N76: Slit_width_/_Roll_angle | O76: Slit_height_/_Unused | P76: Al_degrader_number | Q76: Degrader_angle | R76: Detector_bias(V)
A77: 98 | B77: 13160 | C77: 200.783 | D77: 0 | E77: 49760 | F77: 0.05 | G77: 87 | H77: 5 | I77: 1.16735 | J77: 0.557_in | K77: -0.278_in | L77: -7.370_cm | M77: -0.000_deg | N77: -82.225_deg | O77: 0.100_in | P77: -0.000_steps | Q77: 0.000_deg | R77: 470_500_480_480_450
A78: 99 | B78: 13190 | C78: 221.617 | D78: 151.167 | E78: 45170 | F78: 0.05 | G78: 89 | H78: 3 | I78: 1.16146 | J78: -0.627_in | K78: -0.278_in | L78: -7.370_cm | M78: -0.000_deg | N78: -82.225_deg | O78: 0.100_in | P78: -0.000_steps | Q78: 0.000_deg | R78: 470_500_480_480_450
A79: 100 | B79: 13190 | C79: 211.467 | D79: 0 | E79: 47330 | F79: 0.05 | G79: 89 | H79: 4 | I79: 1.17081 | J79: -1.786_in | K79: -0.278_in | L79: -7.370_cm | M79: -0.000_deg | N79: -82.225_deg | O79: 0.100_in | P79: -0.000_steps | Q79: 0.000_deg | R79: 470_500_480_480_450
A80: 94 | B80: 13170 | C80: 218.283 | D80: 0 | E80: 45790 | F80: 0.05 | G80: 93 | H80: 1 | I80: 1.1078 | J80: 2.256_in | K80: -3.464_in | L80: -7.370_cm | M80: -0.000_deg | N80: -82.225_deg | O80: 0.100_in | P80: -0.000_steps | Q80: 0.000_deg | R80: 470_500_480_480_450
A81: 95 | B81: 13160 | C81: 191 | D81: 15.05 | E81: 52280 | F81: 0.05 | G81: 92 | H81: 2 | I81: 1.13463 | J81: 3.457_in | K81: -3.464_in | L81: -7.370_cm | M81: -0.000_deg | N81: -82.225_deg | O81: 0.100_in | P81: -0.000_steps | Q81: 0.000_deg | R81: 470_500_480_480_450
A82: 96 | B82: 13210 | C82: 186.667 | D82: 0 | E82: 53700 | F82: 0.05 | G82: 91 | H82: 2 | I82: 1.10678 | J82: 2.882_in | K82: -0.278_in | L82: -7.370_cm | M82: -0.000_deg | N82: -82.225_deg | O82: 0.100_in | P82: -0.000_steps | Q82: 0.000_deg | R82: 470_500_480_480_450
A83: 97 | B83: 13160 | C83: 225.767 | D83: 233.683 | E83: 44230 | F83: 0.05 | G83: 90 | H83: 2 | I83: 1.112 | J83: 1.719_in | K83: -0.278_in | L83: -7.370_cm | M83: -0.000_deg | N83: -82.225_deg | O83: 0.100_in | P83: -0.000_steps | Q83: 0.000_deg | R83: 470_500_480_480_450

Sheet Wafer1
A1: P091 | C1: P091-1 | E1: P091 | G1: P091-2 | I1: P091 | K1: P091-3 | M1: P099 | O1: P099-1 | Q1: P099 | S1: P099-2 | U1: P099 | W1: P099-3 | Y1: P099 | AA1: P099-4
A2: 0 | B2: 2.95e-08 | C2: 1.73e-08 | E2: 0 | F2: 3.02e-08 | G2: 3.6e-08 | I2: 0 | J2: 1.81e-08 | K2: 6.7e-08 | M2: 0 | N2: 8.38e-09 | O2: 3.53e-08 | Q2: 0 | R2: 4.34e-08 | S2: 2.75e-08 | U2: 0 | V2: 3.18e-08 | W2: 1.96e-08 | Y2: 0 | Z2: 4.3e-08 | AA2: 3.03e-08
A3: 0 | B3: 2.28e-08 | C3: 3.1e-08 | E3: 0 | F3: 2.805e-08 | G3: 3.72e-08 | I3: 0 | J3: 1.79e-08 | K3: 5.78e-08 | M3: 0 | N3: 2.519e-08 | O3: 2.905e-08 | Q3: 0 | R3: 4.14e-08 | S3: 2.47e-08 | U3: 0 | V3: 2.775e-08 | W3: 2.075e-08 | Y3: 0 | Z3: 2.446e-08 | AA3: 2.965e-08
A4: 0 | B4: 2.5e-08 | C4: 4.25e-08 | E4: 0 | F4: 2.8466667e-08 | G4: 3.64e-08 | I4: 0 | J4: 2.6066667e-08 | K4: 5.3933333e-08 | M4: 0 | N4: 3.1326667e-08 | O4: 2.7166667e-08 | Q4: 0 | R4: 2.9916667e-08 | S4: 2.4033333e-08 | U4: 0 | V4: 3.25e-08 | W4: 2.1933333e-08 | Y4: 0 | Z4: 1.984e-08 | AA4: 3.17e-08
A5: 8041.2086 | B5: 2.6725e-08 | C5: 4.14e-08 | E5: 0 | F5: 2.42e-08 | G5: 3.51e-08 | I5: 0 | J5: 2.4675e-08 | K5: 5.22e-08 | M5: 0 | N5: 3.4295e-08 | O5: 2.6525e-08 | Q5: 0 | R5: 2.87875e-08 | S5: 2.355e-08 | U5: 575.01832 | V5: 3.8275e-08 | W5: 1.79525e-08 | Y5: 0 | Z5: 2.513e-08 | AA5: 2.8325e-08
A6: 20035.787 | B6: 2.634e-08 | C6: 4.136e-08 | E6: 0 | F6: 2.674e-08 | G6: 3.564e-08 | I6: 8986.5686 | J6: 2.406e-08 | K6: 4.858e-08 | M6: 10693.697 | N6: 3.2136e-08 | O6: 2.194e-08 | Q6: 0 | R6: 3.207e-08 | S6: 2.402e-08 | U6: 14681.319 | V6: 3.696e-08 | W6: 1.8682e-08 | Y6: 0 | Z6: 2.8284e-08 | AA6: 2.644e-08
A7: 32944.751 | B7: 3.0883333e-08 | C7: 4.2933333e-08 | E7: 0 | F7: 2.42e-08 | G7: 3.4983333e-08 | I7: 19206.863 | J7: 2.4066667e-08 | K7: 4.8533333e-08 | M7: 21923.827 | N7: 3.138e-08 | O7: 1.6971667e-08 | Q7: 0 | R7: 3.0191667e-08 | S7: 2.4233333e-08 | U7: 29117.949 | V7: 3.6616667e-08 | W7: 1.9285e-08 | Y7: 0 | Z7: 3.1786667e-08 | AA7: 2.665e-08
A8: 46122.651 | B8: 3.77e-08 | C8: 4.7985714e-08 | E8: 0 | F8: 2.45e-08 | G8: 3.2857143e-08 | I8: 30702.941 | J8: 2.7257143e-08 | K8: 4.5085714e-08 | M8: 33352.205 | N8: 3.2754286e-08 | O8: 1.4631857e-08 | Q8: 0 | R8: 2.8478571e-08 | S8: 2.3585714e-08 | U8: 42698.168 | V8: 3.8828571e-08 | W8: 1.9887143e-08 | Y8: 0 | Z8: 3.2902857e-08 | AA8: 2.9857143e-08
A9: 60107.362 | B9: 4.00875e-08 | C9: 4.90125e-08 | E9: 0 | F9: 2.173e-08 | G9: 3.1275e-08 | I9: 42339.216 | J9: 2.94125e-08 | K9: 4.5425e-08 | M9: 45480.28 | N9: 3.401e-08 | O9: 1.4865375e-08 | Q9: 0 | R9: 2.824375e-08 | S9: 2.30625e-08 | U9: 55911.355 | V9: 3.92875e-08 | W9: 2.018875e-08 | Y9: 0 | Z9: 3.099e-08 | AA9: 2.8525e-08
A10: 73016.326 | B10: 4.6411111e-08 | C10: 4.8044444e-08 | E10: 0 | F10: 1.9607778e-08 | G10: 3.0688889e-08 | I10: 52433.333 | J10: 2.9833333e-08 | K10: 4.7322222e-08 | M10: 58424.667 | N10: 3.4331111e-08 | O10: 1.5202556e-08 | Q10: 0 | R10: 2.7905556e-08 | S10: 2.2755556e-08 | U10: 70470.33 | V10: 3.9355556e-08 | W10: 2.2545556e-08 | Y10: 0 | Z10: 3.178e-08 | AA10: 2.6677778e-08
A11: 86597.631 | B11: 4.938e-08 | C11: 5.151e-08 | E11: 0 | F11: 1.9427e-08 | G11: 3.114e-08 | I11: 62807.843 | J11: 3.143e-08 | K11: 4.656e-08 | M11: 69503.197 | N11: 3.3278e-08 | O11: 1.80823e-08 | Q11: 0 | R11: 2.7415e-08 | S11: 2.276e-08 | U11: 83805.861 | V11: 3.824e-08 | W11: 2.4651e-08 | Y11: 0 | Z11: 2.9972e-08 | AA11: 2.677e-08
A12: 98565.316 | B12: 5.4436364e-08 | C12: 5.24e-08 | E12: 0 | F12: 1.937e-08 | G12: 3.1172727e-08 | I12: 72761.765 | J12: 3.1109091e-08 | K12: 4.8690909e-08 | M12: 80931.575 | N12: 3.3070909e-08 | O12: 2.0811182e-08 | Q12: 0 | R12: 2.6968182e-08 | S12: 2.2772727e-08 | U12: 97386.081 | V12: 3.9190909e-08 | W12: 2.5391818e-08 | Y12: 0 | Z12: 2.972e-08 | AA12: 2.6881818e-08
A13: 111608.75 | B13: 5.75e-08 | C13: 5.215e-08 | E13: 0 | F13: 1.9580833e-08 | G13: 3.0725e-08 | I13: 83977.451 | J13: 3.2533333e-08 | K13: 5.1e-08 | M13: 92243.337 | N13: 3.3331667e-08 | O13: 2.118525e-08 | Q13: 0 | R13: 2.6754167e-08 | S13: 2.2566667e-08 | U13: 112923.81 | V13: 4.1133333e-08 | W13: 2.37325e-08 | Y13: 0 | Z13: 2.9951667e-08 | AA13: 2.6508333e-08
... A797: 9426232.8 | B797: 2.3695e-06 | C797: 6.9265e-07 | E797: 2134181.6 | F797: 4.5965e-07 | G797: 2.713e-08 | I797: 8986568.6 | J797: 1.957e-06 | K797: 3.704e-07 | M797: 8431344.2 | N797: 1.5915e-07 | O797: 6.285e-08 | Q797: 8985265.8 | R797: 1.8095e-07 | S797: 5.5075e-08 | U797: 10020000 | V797: 2.502e-07 | W797: 4.639e-08 | Y797: 450650.44 | Z797: 1.1837e-08 | AA797: 7.5525e-09
A798: 9439679.7 | B798: 2.3655e-06 | C798: 6.9605e-07 | E798: 2147950.5 | F798: 4.663e-07 | G798: 2.8675e-08 | I798: 8986568.6 | J798: 1.952e-06 | K798: 3.6645e-07 | M798: 8443005.8 | N798: 1.599e-07 | O798: 6.0975e-08 | Q798: 8997608.2 | R798: 1.809e-07 | S798: 5.4985e-08 | Y798: 450650.44 | Z798: 1.20905e-08 | AA798: 8.245e-09
A799: 9453126.5 | B799: 2.3715e-06 | C799: 6.998e-07 | E799: 2161719.4 | F799: 4.7155e-07 | G799: 3.0045e-08 | I799: 9000588.2 | J799: 1.9625e-06 | K799: 4.0865e-07 | M799: 8454667.4 | N799: 1.6125e-07 | O799: 6.0235e-08 | Q799: 9009950.6 | R799: 1.8135e-07 | S799: 5.433e-08 | Y799: 450650.44 | Z799: 1.2939e-08 | AA799: 8.45e-09
A800: 9466573.4 | B800: 2.3835e-06 | C800: 7.0435e-07 | E800: 2175488.3 | F800: 4.764e-07 | G800: 3.137e-08 | I800: 9014607.8 | J800: 1.9615e-06 | K800: 4.294e-07 | M800: 8466329.1 | N800: 1.619e-07 | O800: 6.1225e-08 | Q800: 9022293 | R800: 1.82e-07 | S800: 5.438e-08 | Y800: 450650.44 | Z800: 1.2799e-08 | AA800: 7.984e-09
A801: 9480020.2 | B801: 2.381e-06 | C801: 7.079e-07 | E801: 2189257.2 | F801: 4.8e-07 | G801: 3.218e-08 | I801: 9028627.5 | J801: 1.961e-06 | K801: 4.463e-07 | M801: 8477990.7 | N801: 1.6205e-07 | O801: 6.3015e-08 | Q801: 9034635.4 | R801: 1.826e-07 | S801: 5.4015e-08 | Y801: 450650.44 | Z801: 1.23855e-08 | AA801: 7.443e-09
A802: 9493467 | B802: 2.3865e-06 | C802: 7.099e-07 | E802: 2203026.1 | F802: 4.841e-07 | G802: 3.2775e-08 | I802: 9042647.1 | J802: 1.962e-06 | K802: 4.6495e-07 | M802: 8489652.3 | N802: 1.6225e-07 | O802: 6.424e-08 | Q802: 9046977.8 | R802: 1.8285e-07 | S802: 5.371e-08 | Y802: 450650.44 | Z802: 1.39225e-08 | AA802: 7.12312e-09
A803: 9493467 | B803: 2.39e-06 | C803: 7.1385e-07 | E803: 2216795 | F803: 4.905e-07 | G803: 3.365e-08 | I803: 9042647.1 | J803: 1.9565e-06 | K803: 5.1695e-07 | M803: 8489652.3 | N803: 1.6205e-07 | O803: 6.4835e-08 | Q803: 9059320.1 | R803: 1.831e-07 | S803: 5.326e-08 | Y803: 450650.44 | Z803: 1.47775e-08 | AA803: 8.55312e-09
A804: 9506913.9 | B804: 2.383e-06 | C804: 7.161e-07 | E804: 2216795 | F804: 4.9315e-07 | G804: 3.3715e-08 | I804: 9056666.7 | J804: 1.9375e-06 | K804: 5.587e-07 | M804: 8501313.9 | N804: 1.6265e-07 | O804: 6.471e-08 | Q804: 9071662.5 | R804: 1.855e-07 | S804: 5.293e-08 | Y804: 450650.44 | Z804: 1.60275e-08 | AA804: 9.14762e-09
A805: 9520360.7 | B805: 2.4e-06 | C805: 7.195e-07 | E805: 2230564 | F805: 4.9695e-07 | G805: 3.4605e-08 | I805: 9070686.3 | J805: 1.935e-06 | K805: 5.921e-07 | M805: 8512975.5 | N805: 1.637e-07 | O805: 6.64e-08 | Q805: 9084004.9 | R805: 1.857e-07 | S805: 5.3235e-08 | Y805: 450650.44 | Z805: 1.61475e-08 | AA805: 1.190762e-08
A806: 9533807.5 | B806: 2.398e-06 | C806: 7.2155e-07 | E806: 2244332.9 | F806: 4.988e-07 | G806: 3.6225e-08 | I806: 9070686.3 | J806: 1.9235e-06 | K806: 6.2715e-07 | M806: 8524637.1 | N806: 1.6395e-07 | O806: 6.5845e-08 | Q806: 9096347.3 | R806: 1.864e-07 | S806: 5.345e-08 | Y806: 450650.44 | Z806: 1.65325e-08 | AA806: 1.146612e-08
A807: 9547254.4 | B807: 2.391e-06 | C807: 6.6305e-07 | E807: 2258101.8 | F807: 5.0235e-07 | G807: 3.726e-08 | I807: 9084705.9 | J807: 1.9385e-06 | K807: 6.501e-07 | M807: 8536298.7 | N807: 1.658e-07 | O807: 6.541e-08 | Q807: 9108689.7 | R807: 1.871e-07 | S807: 5.339e-08 | Y807: 450650.44 | Z807: 1.5252e-08 | AA807: 9.99612e-09
A808: 9547254.4 | B808: 2.3955e-06 | C808: 6.249e-07 | E808: 2271870.7 | F808: 5.0495e-07 | G808: 3.8415e-08 | I808: 9098725.5 | J808: 1.94e-06 | K808: 6.6955e-07 | M808: 8547960.3 | N808: 1.6805e-07 | O808: 6.429e-08 | Q808: 9121032.1 | R808: 1.8735e-07 | S808: 5.3405e-08 | Y808: 450650.44 | Z808: 1.4503e-08 | AA808: 1.036062e-08
A809: 9560701.2 | B809: 2.379e-06 | C809: 5.901e-07 | E809: 2285639.6 | F809: 5.069e-07 | G809: 3.931e-08 | I809: 9112745.1 | J809: 1.9235e-06 | K809: 6.8875e-07 | M809: 8559621.9 | N809: 1.6955e-07 | O809: 6.3135e-08 | Q809: 9133374.5 | R809: 1.8995e-07 | S809: 5.3895e-08 | Y809: 450650.44 | Z809: 1.38375e-08 | AA809: 1.315562e-08
... A851: 9991000 | B851: 2.4875e-06 | C851: 4.3495e-07 | E851: 2561017.9 | F851: 5.1615e-07 | G851: 5.2555e-08 | I851: 9547352.9 | J851: 2.082e-06 | K851: 3.3835e-07 | M851: 9002763.1 | N851: 1.7375e-07 | O851: 1.06005e-07 | Q851: 9676440 | R851: 2.0235e-07 | S851: 4.8995e-08 | Y851: 450650.44 | Z851: 1.280645e-08 | AA851: 1.2695e-08
E852: 2561017.9 | F852: 5.168e-07 | G852: 5.222e-08 | I852: 9561372.5 | J852: 2.066e-06 | K852: 3.3215e-07 | M852: 9014424.7 | N852: 1.7345e-07 | O852: 1.02845e-07 | Q852: 9688782.4 | R852: 2.0045e-07 | S852: 5.011e-08 | Y852: 450650.44 | Z852: 1.394095e-08 | AA852: 1.191e-08
E853: 2574786.8 | F853: 5.165e-07 | G853: 5.1485e-08 | I853: 9575392.2 | J853: 2.067e-06 | K853: 3.25e-07 | M853: 9026086.3 | N853: 1.7285e-07 | O853: 1.0093e-07 | Q853: 9701124.8 | R853: 1.997e-07 | S853: 5.001e-08 | Y853: 450650.44 | Z853: 1.360045e-08 | AA853: 1.3021e-08
E854: 2588555.7 | F854: 5.189e-07 | G854: 5.042e-08 | I854: 9575392.2 | J854: 2.074e-06 | K854: 3.1725e-07 | M854: 9037748 | N854: 1.743e-07 | O854: 9.933e-08 | Q854: 9713467.2 | R854: 2.004e-07 | S854: 5.0385e-08 | Y854: 450650.44 | Z854: 1.469495e-08 | AA854: 1.41935e-08
E855: 2602324.6 | F855: 5.212e-07 | G855: 4.993e-08 | I855: 9589411.8 | J855: 2.0815e-06 | K855: 3.102e-07 | M855: 9049409.6 | N855: 1.7555e-07 | O855: 9.71e-08 | Q855: 9725809.6 | R855: 2e-07 | S855: 5.024e-08 | Y855: 450650.44 | Z855: 1.314995e-08 | AA855: 1.5251e-08
E856: 2616093.5 | F856: 5.2395e-07 | G856: 4.9565e-08 | I856: 9603431.4 | J856: 2.0825e-06 | K856: 3.0685e-07 | M856: 9049409.6 | N856: 1.7615e-07 | O856: 9.223e-08 | Q856: 9738152 | R856: 1.9955e-07 | S856: 5.0645e-08 | Y856: 450650.44 | Z856: 1.19324e-08 | AA856: 1.5376e-08
E857: 2629862.4 | F857: 5.2585e-07 | G857: 4.897e-08 | I857: 9617451 | J857: 2.0805e-06 | K857: 3.03e-07 | M857: 9061071.2 | N857: 1.763e-07 | O857: 8.855e-08 | Q857: 9750494.4 | R857: 2.002e-07 | S857: 5.084e-08 | Y857: 450650.44 | Z857: 1.30259e-08 | AA857: 1.4746e-08
E858: 2643631.4 | F858: 5.271e-07 | G858: 4.8615e-08 | I858: 9631470.6 | J858: 2.0875e-06 | K858: 2.9765e-07 | M858: 9072732.8 | N858: 1.7735e-07 | O858: 8.597e-08 | Q858: 9762836.8 | R858: 2.001e-07 | S858: 5.0665e-08 | Y858: 450650.44 | Z858: 1.31414e-08 | AA858: 1.4866e-08
E859: 2657400.3 | F859: 5.2785e-07 | G859: 4.879e-08 | I859: 9631470.6 | J859: 2.0995e-06 | K859: 2.9255e-07 | M859: 9084394.4 | N859: 1.78e-07 | O859: 8.3585e-08 | Q859: 9775179.2 | R859: 1.9935e-07 | S859: 5.0125e-08 | Y859: 450650.44 | Z859: 1.29764e-08 | AA859: 1.58305e-08
E860: 2671169.2 | F860: 5.3125e-07 | G860: 4.848e-08 | I860: 9645490.2 | J860: 2.092e-06 | K860: 2.838e-07 | M860: 9096056 | N860: 1.7935e-07 | O860: 8.164e-08 | Q860: 9787521.6 | R860: 1.992e-07 | S860: 4.977e-08 | Y860: 450650.44 | Z860: 1.374845e-08 | AA860: 1.5281e-08
E861: 2684938.1 | F861: 5.3395e-07 | G861: 4.798e-08 | I861: 9659509.8 | J861: 2.0925e-06 | K861: 2.7825e-07 | M861: 9107717.6 | N861: 1.816e-07 | O861: 8.109e-08 | Q861: 9799864 | R861: 1.9935e-07 | S861: 4.9715e-08 | Y861: 450650.44 | Z861: 1.336845e-08 | AA861: 1.38805e-08
E862: 2684938.1 | F862: 5.3695e-07 | G862: 4.871e-08 | I862: 9673529.4 | J862: 2.0965e-06 | K862: 2.749e-07 | M862: 9119379.2 | N862: 1.8255e-07 | O862: 8.0635e-08 | Q862: 9812206.4 | R862: 1.994e-07 | S862: 5.011e-08 | Y862: 450650.44 | Z862: 1.257595e-08 | AA862: 1.3918e-08
E863: 2698707 | F863: 5.397e-07 | G863: 5.0035e-08 | I863: 9673529.4 | J863: 2.116e-06 | K863: 2.717e-07 | M863: 9131040.8 | N863: 1.837e-07 | O863: 8.078e-08 | Q863: 9824548.8 | R863: 2.001e-07 | S863: 4.9875e-08 | Y863: 450650.44 | Z863: 1.224345e-08 | AA863: 1.4058e-08
... E878: 2877702.9 | F878: 5.9965e-07 | G878: 5.66e-08 | I878: 9841764.7 | J878: 2.1265e-06 | K878: 2.7275e-07 | M878: 9282641.8 | N878: 2.2675e-07 | O878: 6.56e-08 | Q878: 9985000 | R878: 1.9725e-07 | S878: 4.3525e-08 | Y878: 450650.44 | Z878: 7.98515e-09 | AA878: 9.645e-09
E879: 2891471.8 | F879: 6.047e-07 | G879: 5.6725e-08 | I879: 9855784.3 | J879: 2.1165e-06 | K879: 2.75e-07 | M879: 9294303.4 | N879: 2.294e-07 | O879: 6.522e-08 | Y879: 450650.44 | Z879: 7.61365e-09 | AA879: 9.3164e-09
E880: 2891471.8 | F880: 6.064e-07 | G880: 5.761e-08 | I880: 9855784.3 | J880: 2.1115e-06 | K880: 2.7715e-07 | M880: 9305965 | N880: 2.314e-07 | O880: 6.5215e-08 | Y880: 450650.44 | Z880: 7.26465e-09 | AA880: 9.1679e-09
E881: 2891471.8 | F881: 6.103e-07 | G881: 5.868e-08 | I881: 9869803.9 | J881: 2.109e-06 | K881: 2.7675e-07 | M881: 9317626.6 | N881: 2.3255e-07 | O881: 6.5145e-08 | Y881: 450650.44 | Z881: 6.14115e-09 | AA881: 9.5484e-09
E882: 2891471.8 | F882: 6.1355e-07 | G882: 5.85e-08 | I882: 9883823.5 | J882: 2.114e-06 | K882: 2.7585e-07 | M882: 9329288.2 | N882: 2.351e-07 | O882: 6.429e-08 | Y882: 450650.44 | Z882: 7.26365e-09 | AA882: 1.09769e-08
E883: 2891471.8 | F883: 6.1665e-07 | G883: 5.8265e-08 | I883: 9897843.1 | J883: 2.115e-06 | K883: 2.7505e-07 | M883: 9340949.8 | N883: 2.3765e-07 | O883: 6.075e-08 | Y883: 450650.44 | Z883: 7.32615e-09 | AA883: 1.05099e-08
E884: 2891471.8 | F884: 6.1925e-07 | G884: 5.8345e-08 | I884: 9897843.1 | J884: 2.114e-06 | K884: 2.727e-07 | M884: 9352611.4 | N884: 2.3965e-07 | O884: 5.783e-08 | Y884: 450650.44 | Z884: 7.74965e-09 | AA884: 1.02109e-08
E885: 2891471.8 | F885: 6.183e-07 | G885: 5.8435e-08 | I885: 9911862.7 | J885: 2.11e-06 | K885: 2.698e-07 | M885: 9352611.4 | N885: 2.3655e-07 | O885: 5.505e-08 | Y885: 450650.44 | Z885: 8.63765e-09 | AA885: 8.7694e-09
E886: 2891471.8 | F886: 6.179e-07 | G886: 5.841e-08 | I886: 9925882.4 | J886: 2.091e-06 | K886: 2.7095e-07 | M886: 9364273 | N886: 2.367e-07 | O886: 5.444e-08 | Y886: 450650.44 | Z886: 8.77765e-09 | AA886: 8.9309e-09
E887: 2891471.8 | F887: 6.1825e-07 | G887: 5.8465e-08 | I887: 9939902 | J887: 2.099e-06 | K887: 2.7195e-07 | M887: 9375934.7 | N887: 2.3665e-07 | O887: 5.516e-08 | Y887: 450650.44 | Z887: 9.47965e-09 | AA887: 1.00559e-08
E888: 2891471.8 | F888: 6.19e-07 | G888: 5.856e-08 | I888: 9939902 | J888: 2.09e-06 | K888: 2.6995e-07 | M888: 9387596.3 | N888: 2.369e-07 | O888: 5.545e-08 | Y888: 450650.44 | Z888: 9.59465e-09 | AA888: 1.09799e-08
E889: 2891471.8 | F889: 6.2e-07 | G889: 5.911e-08 | I889: 9953921.6 | J889: 2.087e-06 | K889: 2.679e-07 | M889: 9399257.9 | N889: 2.3835e-07 | O889: 5.4525e-08 | Y889: 450650.44 | Z889: 9.50215e-09 | AA889: 1.07549e-08
E890: 2891471.8 | F890: 6.208e-07 | G890: 5.804e-08 | I890: 9967941.2 | J890: 2.0845e-06 | K890: 2.667e-07 | M890: 9410919.5 | N890: 2.383e-07 | O890: 5.38e-08 | Y890: 450650.44 | Z890: 9.42715e-09 | AA890: 1.02334e-08
... E897: 2891471.8 | F897: 6.164e-07 | G897: 5.4065e-08 | I897: 10010000 | J897: 2.0625e-06 | K897: 2.507e-07 | M897: 9480889.1 | N897: 2.426e-07 | O897: 4.892e-08 | Y897: 450650.44 | Z897: 8.9611e-09 | AA897: 5.9244e-09
E898: 2891471.8 | F898: 6.1435e-07 | G898: 5.307e-08 | M898: 9492550.8 | N898: 2.425e-07 | O898: 4.8795e-08 | Y898: 450650.44 | Z898: 9.0051e-09 | AA898: 7.4764e-09
E899: 2905240.7 | F899: 6.1375e-07 | G899: 5.2805e-08 | M899: 9504212.4 | N899: 2.418e-07 | O899: 4.878e-08 | Y899: 458224.4 | Z899: 1.00076e-08 | AA899: 9.6255e-09
E900: 2919009.6 | F900: 6.129e-07 | G900: 5.1605e-08 | M900: 9515874 | N900: 2.4175e-07 | O900: 4.648e-08 | Y900: 459486.73 | Z900: 9.64325e-09 | AA900: 9.932e-09
E901: 2932778.5 | F901: 6.1345e-07 | G901: 5.0715e-08 | M901: 9527535.6 | N901: 2.4235e-07 | O901: 4.5755e-08 | Y901: 459486.73 | Z901: 1.081675e-08 | AA901: 8.7495e-09
E902: 2946547.5 | F902: 6.134e-07 | G902: 5.0265e-08 | M902: 9539197.2 | N902: 2.4275e-07 | O902: 4.4165e-08 | Y902: 459486.73 | Z902: 1.010175e-08 | AA902: 7.7295e-09
E903: 2960316.4 | F903: 6.1315e-07 | G903: 5.016e-08 | M903: 9550858.8 | N903: 2.424e-07 | O903: 4.4985e-08 | Y903: 459486.73 | Z903: 1.034475e-08 | AA903: 8.6215e-09
E904: 2960316.4 | F904: 6.151e-07 | G904: 4.9815e-08 | M904: 9562520.4 | N904: 2.425e-07 | O904: 4.6395e-08 | Y904: 459486.73 | Z904: 1.014975e-08 | AA904: 8.5885e-09
E905: 2974085.3 | F905: 6.189e-07 | G905: 4.9585e-08 | M905: 9562520.4 | N905: 2.4345e-07 | O905: 8.5225e-08 | Y905: 459486.73 | Z905: 9.90475e-09 | AA905: 9.272e-09
E906: 2987854.2 | F906: 6.2215e-07 | G906: 4.964e-08 | M906: 9574182 | N906: 2.439e-07 | O906: 8.759e-08 | Y906: 459486.73 | Z906: 9.15565e-09 | AA906: 9.51e-09
E907: 3001623.1 | F907: 6.257e-07 | G907: 4.899e-08 | M907: 9585843.6 | N907: 2.4585e-07 | O907: 8.955e-08 | Y907: 459486.73 | Z907: 9.45065e-09 | AA907: 1.003e-08
E908: 3015392 | F908: 6.2895e-07 | G908: 4.9715e-08 | M908: 9597505.3 | N908: 2.471e-07 | O908: 9.211e-08 | Y908: 459486.73 | Z908: 8.57965e-09 | AA908: 9.647e-09
E909: 3029160.9 | F909: 6.3265e-07 | G909: 5.157e-08 | M909: 9609166.9 | N909: 2.4645e-07 | O909: 9.4765e-08 | Y909: 459486.73 | Z909: 8.99065e-09 | AA909: 8.187e-09
... E948: 3277001.4 | F948: 8.4175e-07 | G948: 6.3065e-08 | M948: 9994000 | N948: 2.9175e-07 | O948: 8.338e-08 | Y948: 459486.73 | Z948: 1.309405e-08 | AA948: 4.786e-09
E949: 3290770.3 | F949: 8.6e-07 | G949: 6.412e-08 | Y949: 459486.73 | Z949: 1.343655e-08 | AA949: 5.6835e-09
E950: 3304539.2 | F950: 8.7875e-07 | G950: 6.5065e-08 | Y950: 459486.73 | Z950: 1.382655e-08 | AA950: 5.909e-09
E951: 3318308.1 | F951: 8.8085e-07 | G951: 6.497e-08 | Y951: 459486.73 | Z951: 1.481755e-08 | AA951: 6.96455e-09
E952: 3345845.9 | F952: 8.8865e-07 | G952: 6.5895e-08 | Y952: 459486.73 | Z952: 1.338705e-08 | AA952: 7.92955e-09
E953: 3359614.9 | F953: 9.0845e-07 | G953: 6.608e-08 | Y953: 459486.73 | Z953: 1.358705e-08 | AA953: 6.67955e-09
E954: 3373383.8 | F954: 9.298e-07 | G954: 6.636e-08 | Y954: 459486.73 | Z954: 1.459605e-08 | AA954: 7.15955e-09
E955: 3387152.7 | F955: 9.4865e-07 | G955: 6.5765e-08 | Y955: 459486.73 | Z955: 1.448605e-08 | AA955: 8.23455e-09
E956: 3414690.5 | F956: 9.5605e-07 | G956: 6.681e-08 | Y956: 459486.73 | Z956: 1.421105e-08 | AA956: 8.88455e-09
E957: 3428459.4 | F957: 9.705e-07 | G957: 6.734e-08 | Y957: 459486.73 | Z957: 1.356455e-08 | AA957: 1.0453e-08
E958: 3442228.3 | F958: 9.8895e-07 | G958: 6.727e-08 | Y958: 459486.73 | Z958: 1.356455e-08 | AA958: 1.13885e-08
E959: 3455997.2 | F959: 1.00145e-06 | G959: 6.716e-08 | Y959: 459486.73 | Z959: 1.355955e-08 | AA959: 1.2569e-08
E960: 3469766.2 | F960: 1.02595e-06 | G960: 6.6945e-08 | Y960: 459486.73 | Z960: 1.369455e-08 | AA960: 1.35225e-08
... E1575: 10010000 | F1575: 2.558e-06 | G1575: 2.055e-07 | Y1575: 5756207.3 | Z1575: 1.604e-07 | AA1575: 5.17e-08
Y1576: 5768830.6 | Z1576: 1.6155e-07 | AA1576: 4.955e-08
Y1577: 5768830.6 | Z1577: 1.632e-07 | AA1577: 5.071e-08
Y1578: 5781453.9 | Z1578: 1.6445e-07 | AA1578: 5.3105e-08
Y1579: 5794077.1 | Z1579: 1.6645e-07 | AA1579: 5.166e-08
Y1580: 5806700.4 | Z1580: 1.669e-07 | AA1580: 5.1475e-08
Y1581: 5819323.6 | Z1581: 1.682e-07 | AA1581: 5.1745e-08
Y1582: 5831946.9 | Z1582: 1.6825e-07 | AA1582: 5.4655e-08
Y1583: 5844570.2 | Z1583: 1.7005e-07 | AA1583: 5.7285e-08
Y1584: 5844570.2 | Z1584: 1.6925e-07 | AA1584: 5.716e-08
Y1585: 5857193.4 | Z1585: 1.6965e-07 | AA1585: 5.7345e-08
Y1586: 5869816.7 | Z1586: 1.6905e-07 | AA1586: 5.9625e-08
Y1587: 5882439.9 | Z1587: 1.689e-07 | AA1587: 6.0465e-08
... Y1958: 9985000 | Z1958: 3.265e-07 | AA1958: 3.81905e-08
