Workbook

Sheet GRAPH
A1: =T1&" "&"Wafer Lot: "&T2&" SEE QUALIFIED EPI ID: " & T3 & " " & "WAFERS: " & T4 -> EPC7018KH Wafer Lot: E4759M SEE QUALIFIED EPI ID: G323900362 WAFERS: WAFER NO, D001, D002, D162, D163, D170 | S1: PRODUCT | T1: EPC7018KH
A2: ="WAFERS QUALIFIED: " & T4 -> WAFERS QUALIFIED: WAFER NO, D001, D002, D162, D163, D170 | S2: ELOT | T2: E4759M
A3: ="15MeV " & T5 & " Beam LET=" & T6 & " Beam Energy: " & T7 &"MeV Range: " & T8 &"µm VDS=" & T9 & "V, VGS=" & T10 &"V" -> 15MeV AU Beam LET=82.3 Beam Energy: 2373.5MeV Range: 127.5µm VDS=100V, VGS=-1V | S3: EPI ID | T3: G323900362
A4: ="Fluence = " & TEXT(T13,"0.00E+0") &" Flux = " & TEXT(T14,"0.00E+0") -> Fluence = 1.00E+7 Flux = 5.11E+4 | S4: WAFERS | T4: WAFER NO, D001, D002, D162, D163, D170 | U4: D001, D002
A5: ="IDS <" &T21*1000000 & " µA @VDS=" & U9 &"V IGSSF<" & T11*1000 &"mA @VGS=" & V11 & "V IGSSR<" & T12*1000000 & "uA @ VGS=" & V12 & "V" -> IDS <400 µA @VDS=100V IGSSF<0.5mA @VGS=6V IGSSR<-500uA @ VGS=-1V | S5: ION | T5: AU
A6: ="Run Ends at Fluence of " & TEXT(T13,"0.00E+0") -> Run Ends at Fluence of 1.00E+7 | S6: LET | T6: 82.3
A7: ="Tested at: "&T15&" on: "& TEXT(T16,"MM/DD/YYYY") -> Tested at: Texas A&M University on: 08/12/2024 | S7: ENERGY | T7: 2373.5
S8: LENGTH | T8: 127.5
S9: VDS | T9: 100 | U9: 100
S10: VGS | T10: -1
S11: IGSSF | T11: 0.0005 | U11: VGS | V11: 6
S12: IGSSR | T12: -0.0005 | U12: VGS | V12: -1
S13: FLUENCE | T13: 10000000
S14: FLUX | T14: 51100
S15: LOCATION | T15: Texas A&M University
S16: SEE DATE | T16: 45516
S20: IDS MAX LIMIT
S21: 0 | T21: 0.0004
S22: 10000000 | T22: 0.0004
S24: IGSR MAX LIMIT
S25: 0 | T25: -0.0005
S26: 10000000 | T26: -0.0005
S28: ="IDS_" & V28 &"_" & Wafer1!C1 -> IDS__D001-1 | T28: ="IGS_" & V28 &"_" & Wafer1!C1 -> IGS__D001-1 | W28: 121
S29: ="IDS_"&V29&"_ " & Wafer1!G1 -> IDS__ D001-2 | T29: ="IGS_" & V29 &"_" &Wafer1!G1 -> IGS__D001-2 | W29: 122
S30: ="IDS_" & V30 &"_"& Wafer1!K1 -> IDS__D001-3 | T30: ="IGS_" & V30 &"_" &Wafer1!K1 -> IGS__D001-3 | W30: 123
S31: ="IDS_" & V31 &"_" & Wafer1!O1 -> IDS__D002-1 | T31: ="IGS_" & V31 &"_" &Wafer1!O1 -> IGS__D002-1 | W31: 125
S32: ="IDS_" & V32 &"_" & Wafer1!S1 -> IDS__D002-2 | T32: ="IGS_"&V32&"_"&Wafer1!S1 -> IGS__D002-2 | W32: 126
S33: ="IDS_" & V33&"_" & Wafer1!W1 -> IDS__D002-3 | T33: ="IGS_"&V33&"_"&Wafer1!W1 -> IGS__D002-3 | W33: 127
S34: ="IDS_" & V34 &"_" & Wafer1!AA1 -> IDS__ | T34: ="IGS_" & V34 &"_" & Wafer1!AA1 -> IGS__
S35: ="IDS_" & V35 &"_" & Wafer1!AE1 -> IDS__ | T35: ="IGS_" & V35 &"_" &Wafer1!AE1 -> IGS__
S36: ="IDS_" &V36&"_" & Wafer1!AI1 -> IDS__ | T36: ="IGS_" & V36 &"_" &Wafer1!AI1 -> IGS__
S37: ="IDS_" &V37 &"_" & Wafer1!AM1 -> IDS__ | T37: ="IGS_" &V37 &"_" &Wafer1!AM1 -> IGS__
A38: Operator | B38: MZ/JB | G38: Operator | H38: MZ/JB | S38: ="IDS_" &V38 &"_" & Wafer1!AQ1 -> IDS__ | T38: ="IGS_" &V38 &"_" &Wafer1!AQ1 -> IGS__
A39: Station | B39: SEE TEST STATION | G39: Station | H39: SEE TEST STATION | S39: ="IDS_" &V39 &"_" & Wafer1!AU1 -> IDS__ | T39: ="IGS_" &V39 &"_" &Wafer1!AU1 -> IGS__
A40: Lot Number | B40: =T2 -> E4759M | G40: Lot Number | H40: =T2 -> E4759M
A41: Process | B41: SEE TESTING | G41: Process | H41: SEE TESTING
A42: Start Date | B42: =T16 -> 45516 | G42: Start Date | H42: =T16 -> 45516
A43: Finish Date | B43: =T16 -> 45516 | G43: Finish Date | H43: =T16 -> 45516
A44: Part Number | B44: =T1 -> EPC7018KH | G44: Part Number | H44: =T1 -> EPC7018KH
A45: Process | B45: PRE SEE | G45: Remarks | H45: POST SEE
A46: =COUNTA(F50:F61)/2 -> 6 | B46: =IF(COUNTA(A50:A61)=COUNTIF(B50:B61,"PASS"),"PASS","FAIL") -> PASS
A47: PRE AND POST SEE PARAMETRIC DATA | M47: 5 (V) | N47: -4 (V) | O47: 100 (V) | P47: 12e-3 (A) | Q47: 12e-3 (A)
M48: 0.5e-3 (A) | N48: -0.5e-3 (A) | O48: 400e-6 (A) | P48: 2.5 (V) | Q48: 0.8 (V)
A49: SN# | B49: P/P | C49: PRE/POST | D49: DATE | E49: TIME | F49: FAMILY | G49: ELOT | H49: EPI ID | I49: WAFER | J49: ION | K49: RUN | L49: SOCKET | M49: IGSSF Max | N49: IGSSR Max | O49: IDSS Max | P49: Vth Max | Q49: Vth Min
A50: D001-1 | B50: PASS | C50: PRE | D50: 45516 | E50: 0.47083333 | F50: EPC7018 | G50: E4759M | H50: G323900362 | I50: D001 | J50: AU | K50: 121 | L50: 10 | M50: 8.45e-07 | N50: -3.15e-07 | O50: 1.11e-06 | P50: 1.91 | Q50: 1.91
A51: D001-1 | B51: PASS | C51: POST | D51: 45516 | E51: 0.47361111 | F51: EPC7018 | G51: E4759M | H51: G323900362 | I51: D001 | J51: AU | K51: 121 | L51: 10 | M51: 8.93e-05 | N51: -5.02e-07 | O51: 0.000345 | P51: 1.31 | Q51: 1.31
A52: D001-2 | B52: PASS | C52: PRE | D52: 45516 | E52: 0.47361111 | F52: EPC7018 | G52: E4759M | H52: G323900362 | I52: D001 | J52: AU | K52: 122 | L52: 11 | M52: 1.19e-06 | N52: -3.82e-07 | O52: 7.91e-07 | P52: 1.63 | Q52: 1.63
A53: D001-2 | B53: PASS | C53: POST | D53: 45516 | E53: 0.47708333 | F53: EPC7018 | G53: E4759M | H53: G323900362 | I53: D001 | J53: AU | K53: 122 | L53: 11 | M53: 0.000119 | N53: -3.54e-07 | O53: 0.000386 | P53: 1.06 | Q53: 1.06
A54: D001-3 | B54: PASS | C54: PRE | D54: 45516 | E54: 0.47847222 | F54: EPC7018 | G54: E4759M | H54: G323900362 | I54: D001 | J54: AU | K54: 123 | L54: 12 | M54: 2.74e-06 | N54: -2.97e-07 | O54: 4.82e-07 | P54: 1.73 | Q54: 1.73
A55: D001-3 | B55: PASS | C55: POST | D55: 45516 | E55: 0.48125 | F55: EPC7018 | G55: E4759M | H55: G323900362 | I55: D001 | J55: AU | K55: 123 | L55: 12 | M55: 0.000107 | N55: -6.11e-07 | O55: 0.000379 | P55: 1.16 | Q55: 1.16
A56: D002-1 | B56: PASS | C56: PRE | D56: 45516 | E56: 0.48611111 | F56: EPC7018 | G56: E4759M | H56: G323900362 | I56: D002 | J56: AU | K56: 125 | L56: 14 | M56: 8.15e-07 | N56: -2.61e-07 | O56: 2.89e-06 | P56: 1.48 | Q56: 1.48
A57: D002-1 | B57: PASS | C57: POST | D57: 45516 | E57: 0.48888889 | F57: EPC7018 | G57: E4759M | H57: G323900362 | I57: D002 | J57: AU | K57: 125 | L57: 14 | M57: 0.000139 | N57: -5.75e-07 | O57: 0.000299 | P57: 0.993 | Q57: 0.993
A58: D002-2 | B58: PASS | C58: PRE | D58: 45516 | E58: 0.48958333 | F58: EPC7018 | G58: E4759M | H58: G323900362 | I58: D002 | J58: AU | K58: 126 | L58: 15 | M58: 2.25e-06 | N58: -1.23e-06 | O58: 4.68e-06 | P58: 1.58 | Q58: 1.58
A59: D002-2 | B59: PASS | C59: POST | D59: 45516 | E59: 0.49236111 | F59: EPC7018 | G59: E4759M | H59: G323900362 | I59: D002 | J59: AU | K59: 126 | L59: 15 | M59: 0.000114 | N59: -5.42e-07 | O59: 0.000282 | P59: 1.16 | Q59: 1.16
A60: D002-3 | B60: PASS | C60: PRE | D60: 45516 | E60: 0.49305556 | F60: EPC7018 | G60: E4759M | H60: G323900362 | I60: D002 | J60: AU | K60: 127 | L60: 16 | M60: 1.83e-06 | N60: -4.08e-07 | O60: 1.04e-06 | P60: 1.61 | Q60: 1.61
A61: D002-3 | B61: PASS | C61: POST | D61: 45516 | E61: 0.49583333 | F61: EPC7018 | G61: E4759M | H61: G323900362 | I61: D002 | J61: AU | K61: 127 | L61: 16 | M61: 8.85e-05 | N61: -7.32e-07 | O61: 0.000364 | P61: 1.24 | Q61: 1.24
A63: TAMU RUN LOG 04-26-2022
A64: Run_number | B64: Run_file_name | C64: Run_start_date_and_time | D64: Run_end_date_and_time | E64: Duration_of_the_run | F64: Number_of_events | G64: Selected_beam | H64: Al_thickness(mil) | I64: Number_of_layers(file) | J64: Beam_energy(MeV/amu) | K64: Beam_energy(MeV) | L64: Target_material | M64: Nominal_LET(MeVcm2/mg) | N64: Nominal_range(um) | O64: Eff._LET(MeVcm2/mg) | P64: Eff._range(um) | Q64: DUT_location | R64: Position_set_name | S64: Eff._fluence(ions/cm2)
A65: 121 | B65: EPC_Aug_2024.#3c | C65: 24/08/12___11:12:17 | D65: 24/08/12___11:15:18 | E65: 00:03:01_(+_0_days) | F65: 0 | G65: 15.0_MeV/u_197Au_@_K500 | H65: 0 | I65: 3_(20_mm_air_Si) | J65: 12.1 | K65: 2373.5 | L65: silicon | M65: 82.3 | N65: 127.5 | O65: 82.3 | P65: 127.5 | Q65: In-air | R65: Current | S65: 9995000
A66: 122 | B66: EPC_Aug_2024.#3d | C66: 24/08/12___11:16:07 | D66: 24/08/12___11:19:52 | E66: 00:03:45_(+_0_days) | F66: 0 | G66: 15.0_MeV/u_197Au_@_K500 | H66: 0 | I66: 3_(20_mm_air_Si) | J66: 12.1 | K66: 2373.5 | L66: silicon | M66: 82.3 | N66: 127.5 | O66: 82.3 | P66: 127.5 | Q66: In-air | R66: Current | S66: 9981000
A67: 123 | B67: EPC_Aug_2024.#3e | C67: 24/08/12___11:23:22 | D67: 24/08/12___11:26:34 | E67: 00:03:12_(+_0_days) | F67: 0 | G67: 15.0_MeV/u_197Au_@_K500 | H67: 0 | I67: 3_(20_mm_air_Si) | J67: 12.1 | K67: 2373.5 | L67: silicon | M67: 82.3 | N67: 127.5 | O67: 82.3 | P67: 127.5 | Q67: In-air | R67: Current | S67: 10020000
A68: 125 | B68: EPC_Aug_2024.#3g | C68: 24/08/12___11:34:21 | D68: 24/08/12___11:37:54 | E68: 00:03:33_(+_0_days) | F68: 0 | G68: 15.0_MeV/u_197Au_@_K500 | H68: 0 | I68: 3_(20_mm_air_Si) | J68: 12.1 | K68: 2373.5 | L68: silicon | M68: 82.3 | N68: 127.5 | O68: 82.3 | P68: 127.5 | Q68: In-air | R68: Current | S68: 10010000
A69: 126 | B69: EPC_Aug_2024.#3h | C69: 24/08/12___11:38:54 | D69: 24/08/12___11:42:40 | E69: 00:03:46_(+_0_days) | F69: 0 | G69: 15.0_MeV/u_197Au_@_K500 | H69: 0 | I69: 3_(20_mm_air_Si) | J69: 12.1 | K69: 2373.5 | L69: silicon | M69: 82.3 | N69: 127.5 | O69: 82.3 | P69: 127.5 | Q69: In-air | R69: Current | S69: 9990000
A70: 127 | B70: EPC_Aug_2024.#3i | C70: 24/08/12___11:43:39 | D70: 24/08/12___11:47:38 | E70: 00:03:59_(+_0_days) | F70: 0 | G70: 15.0_MeV/u_197Au_@_K500 | H70: 0 | I70: 3_(20_mm_air_Si) | J70: 12.1 | K70: 2373.5 | L70: silicon | M70: 82.3 | N70: 127.5 | O70: 82.3 | P70: 127.5 | Q70: In-air | R70: Current | S70: 10030000
A72: TAMU RUN LOG 04-26-2022 contd.
A73: Run_number | B73: Dose(rad) | C73: Live_time(s) | D73: Dead_time(s) | E73: Aver._flux(ions/(cm2s)) | F73: Aver._flux_error(%) | G73: Overall_uniformity(%) | H73: Overall_central_shift(%) | I73: Calibration_factor | J73: DUT_X_coordinate | K73: DUT_Y_coordinate | L73: DUT_Z_coordinate | M73: DUT_tilt_angle | N73: Slit_width_/_Roll_angle | O73: Slit_height_/_Unused | P73: Al_degrader_number | Q73: Degrader_angle | R73: Forward_array_bias(V)
A74: 121 | B74: 13170 | C74: 172.133 | D74: 0 | E74: 58070 | F74: 0.05 | G74: 94 | H74: 3 | I74: 1.20164 | J74: 0.559_in | K74: -0.304_in | L74: -7.429_cm | M74: -0.000_deg | N74: 180.000_deg | O74: 0.100_in | P74: -0.000_steps | Q74: 0.000_deg | R74: 410_410_390_420_360
A75: 122 | B75: 13150 | C75: 198.05 | D75: 0 | E75: 50400 | F75: 0.05 | G75: 95 | H75: 2 | I75: 1.22058 | J75: -0.658_in | K75: -0.304_in | L75: -7.429_cm | M75: -0.000_deg | N75: 180.000_deg | O75: 0.100_in | P75: -0.000_steps | Q75: 0.000_deg | R75: 410_410_390_420_360
A76: 123 | B76: 13200 | C76: 180.467 | D76: 0 | E76: 55530 | F76: 0.05 | G76: 94 | H76: 3 | I76: 1.16447 | J76: -1.805_in | K76: -0.304_in | L76: -7.429_cm | M76: -0.000_deg | N76: 180.000_deg | O76: 0.100_in | P76: -0.000_steps | Q76: 0.000_deg | R76: 410_410_390_420_360
A77: 125 | B77: 13190 | C77: 199.667 | D77: 0 | E77: 50140 | F77: 0.05 | G77: 91 | H77: 5 | I77: 1.19541 | J77: -3.530_in | K77: 2.858_in | L77: -7.429_cm | M77: -0.000_deg | N77: 180.000_deg | O77: 0.100_in | P77: -0.000_steps | Q77: 0.000_deg | R77: 410_410_390_420_360
A78: 126 | B78: 13160 | C78: 215.1 | D78: 0 | E78: 46440 | F78: 0.05 | G78: 91 | H78: 5 | I78: 1.19773 | J78: -2.355_in | K78: 2.858_in | L78: -7.429_cm | M78: -0.000_deg | N78: 180.000_deg | O78: 0.100_in | P78: -0.000_steps | Q78: 0.000_deg | R78: 410_410_390_420_360
A79: 127 | B79: 13210 | C79: 218.033 | D79: 0 | E79: 45980 | F79: 0.05 | G79: 90 | H79: 6 | I79: 1.15788 | J79: -1.231_in | K79: 2.858_in | L79: -7.429_cm | M79: -0.000_deg | N79: 180.000_deg | O79: 0.100_in | P79: -0.000_steps | Q79: 0.000_deg | R79: 410_410_390_420_360

Sheet Wafer1
A1: D001 | C1: D001-1 | E1: D001 | G1: D001-2 | I1: D001 | K1: D001-3 | M1: D002 | O1: D002-1 | Q1: D002 | S1: D002-2 | U1: D002 | W1: D002-3
A2: 0 | B2: 6.52e-07 | C2: 1.88e-07 | E2: 0 | F2: 5.78e-07 | G2: 2.38e-07 | I2: 0 | J2: 2.59e-07 | K2: 1.65e-07 | M2: 0 | N2: 1.1e-06 | O2: 2.09e-07 | Q2: 0 | R2: 3.29e-06 | S2: 4.92e-07 | U2: 0 | V2: 6.7e-07 | W2: 2.03e-07
A3: 0 | B3: 6.43e-07 | C3: 1.875e-07 | E3: 0 | F3: 5.72e-07 | G3: 2.375e-07 | I3: 0 | J3: 2.575e-07 | K3: 1.655e-07 | M3: 0 | N3: 1.075e-06 | O3: 2.125e-07 | Q3: 0 | R3: 3.305e-06 | S3: 4.94e-07 | U3: 0 | V3: 6.645e-07 | W3: 2.175e-07
A4: 0 | B4: 9.8866667e-07 | C4: 1.8966667e-07 | E4: 0 | F4: 1.0446667e-06 | G4: 2.3966667e-07 | I4: 0 | J4: 4.2366667e-07 | K4: 1.6533333e-07 | M4: 0 | N4: 1.2366667e-06 | O4: 2.1366667e-07 | Q4: 0 | R4: 3.4033333e-06 | S4: 4.9733333e-07 | U4: 0 | V4: 9.6966667e-07 | W4: 2.2866667e-07
A5: 2164.6925 | B5: 1.1965e-06 | C5: 1.865e-07 | E5: 8804.4318 | F5: 1.241e-06 | G5: 2.4e-07 | I5: 176.45283 | J5: 7.3775e-07 | K5: 1.6475e-07 | M5: 1674.7748 | N5: 1.3475e-06 | O5: 2.14e-07 | Q5: 10187.171 | R5: 3.4875e-06 | S5: 4.965e-07 | U5: 8057.0939 | V5: 1.18475e-06 | W5: 2.31e-07
A6: 16702.874 | B6: 1.4112e-06 | C6: 1.836e-07 | E6: 23266.967 | F6: 1.5188e-06 | G6: 2.408e-07 | I6: 15502.642 | J6: 1.0442e-06 | K6: 1.662e-07 | M6: 16103.604 | N6: 1.572e-06 | O6: 2.128e-07 | Q6: 21820.263 | R6: 3.604e-06 | S6: 4.968e-07 | U6: 17183.376 | V6: 1.3438e-06 | W6: 2.298e-07
A7: 30198.797 | B7: 1.5426667e-06 | C7: 1.81e-07 | E7: 37015.629 | F7: 1.8423333e-06 | G7: 2.4133333e-07 | I7: 29366.792 | J7: 1.2885e-06 | K7: 1.6716667e-07 | M7: 31434.234 | N7: 1.7666667e-06 | O7: 2.1216667e-07 | Q7: 26946.711 | R7: 3.7366667e-06 | S7: 4.955e-07 | U7: 27875.254 | V7: 1.4965e-06 | W7: 2.2633333e-07
A8: 43293.85 | B8: 1.6951429e-06 | C8: 1.7928571e-07 | E8: 51028.689 | F8: 2.1948571e-06 | G8: 2.4114286e-07 | I8: 43230.943 | J8: 1.523e-06 | K8: 1.6714286e-07 | M8: 47022.523 | N8: 1.9485714e-06 | O8: 2.1157143e-07 | Q8: 39565.658 | R8: 3.8342857e-06 | S8: 4.9457143e-07 | U8: 42894.797 | V8: 1.657e-06 | W8: 2.2428571e-07
A9: 55052.674 | B9: 1.83575e-06 | C9: 1.775e-07 | E9: 64248.556 | F9: 2.443e-06 | G9: 2.41e-07 | I9: 58103.396 | J9: 1.750125e-06 | K9: 1.65375e-07 | M9: 60163.063 | N9: 2.1225e-06 | O9: 2.11125e-07 | Q9: 47978.289 | R9: 3.92875e-06 | S9: 4.94125e-07 | U9: 54732.234 | V9: 1.834875e-06 | W9: 2.25e-07
A10: 66811.497 | B10: 2.0606667e-06 | C10: 1.7655556e-07 | E10: 77071.828 | F10: 2.6437778e-06 | G10: 2.4111111e-07 | I10: 70959.245 | J10: 1.9967778e-06 | K10: 1.6355556e-07 | M10: 76266.667 | N10: 2.2733333e-06 | O10: 2.1044444e-07 | Q10: 55339.342 | R10: 4.04e-06 | S10: 4.9011111e-07 | U10: 73570.305 | V10: 2.0254444e-06 | W10: 2.2533333e-07
A11: 81643.65 | B11: 2.3106e-06 | C11: 1.763e-07 | E11: 89630.702 | F11: 2.8784e-06 | G11: 2.411e-07 | I11: 84697.358 | J11: 2.2581e-06 | K11: 1.627e-07 | M11: 87217.117 | N11: 2.438e-06 | O11: 2.099e-07 | Q11: 62043.158 | R11: 4.11e-06 | S11: 4.89e-07 | U11: 86044.162 | V11: 2.1849e-06 | W11: 2.241e-07
A12: 93402.473 | B12: 2.5523636e-06 | C12: 1.7627273e-07 | E12: 102850.57 | F12: 3.1685455e-06 | G12: 2.4118182e-07 | I12: 98057.358 | J12: 2.5137273e-06 | K12: 1.6263636e-07 | M12: 102032.43 | N12: 2.5981818e-06 | O12: 2.0945455e-07 | Q12: 77948.289 | R12: 4.2127273e-06 | S12: 4.88e-07 | U12: 97627.03 | V12: 2.3544545e-06 | W12: 2.2318182e-07
A13: 107299.26 | B13: 2.8121667e-06 | C13: 1.7758333e-07 | E13: 116863.63 | F13: 3.4278333e-06 | G13: 2.4091667e-07 | I13: 113181.89 | J13: 2.7259167e-06 | K13: 1.6258333e-07 | M13: 118264.86 | N13: 2.7516667e-06 | O13: 2.0891667e-07 | Q13: 87018.158 | R13: 4.31e-06 | S13: 4.8683333e-07 | U13: 112773.86 | V13: 2.5165833e-06 | W13: 2.2333333e-07
... A742: 9995000 | B742: 0.0002301 | C742: 3.004e-07 | E742: 8844091.4 | F742: 0.0002248 | G742: 2.8385e-07 | I742: 9616679.2 | J742: 0.0002287 | K742: 2.7385e-07 | M742: 8708828.8 | N742: 0.00023535 | O742: 2.7915e-07 | Q742: 7689671.1 | R742: 0.00019455 | S742: 2.2515e-07 | U742: 7382487.3 | V742: 0.00023305 | W742: 2.3655e-07
E743: 8857311.3 | F743: 0.0002251 | G743: 2.8345e-07 | I743: 9629283 | J743: 0.000229 | K743: 2.7455e-07 | M743: 8721711.7 | N743: 0.0002358 | O743: 2.7935e-07 | Q743: 7702815.8 | R743: 0.00019505 | S743: 2.2575e-07 | U743: 7407944.2 | V743: 0.0002336 | W743: 2.352e-07
E744: 8857311.3 | F744: 0.0002254 | G744: 2.8375e-07 | I744: 9641886.8 | J744: 0.0002293 | K744: 2.7455e-07 | M744: 8734594.6 | N744: 0.0002362 | O744: 2.7955e-07 | Q744: 7715960.5 | R744: 0.0001956 | S744: 2.2615e-07 | U744: 7420672.6 | V744: 0.00023415 | W744: 2.3475e-07
E745: 8870531.1 | F745: 0.0002257 | G745: 2.84e-07 | I745: 9654490.6 | J745: 0.0002296 | K745: 2.7515e-07 | M745: 8747477.5 | N745: 0.0002366 | O745: 2.797e-07 | Q745: 7729105.3 | R745: 0.00019605 | S745: 2.279e-07 | U745: 7433401 | V745: 0.0002347 | W745: 2.3335e-07
E746: 8883751 | F746: 0.000226 | G746: 2.843e-07 | I746: 9667094.3 | J746: 0.0002299 | K746: 2.7525e-07 | M746: 8747477.5 | N746: 0.000237 | O746: 2.7985e-07 | Q746: 7742250 | R746: 0.0001966 | S746: 2.2875e-07 | U746: 7446129.4 | V746: 0.0002352 | W746: 2.3115e-07
E747: 8896970.9 | F747: 0.0002263 | G747: 2.842e-07 | I747: 9679698.1 | J747: 0.0002302 | K747: 2.757e-07 | M747: 8760360.4 | N747: 0.0002374 | O747: 2.798e-07 | Q747: 7768539.5 | R747: 0.00019715 | S747: 2.3e-07 | U747: 7458857.9 | V747: 0.00023575 | W747: 2.2935e-07
E748: 8896970.9 | F748: 0.0002266 | G748: 2.839e-07 | I748: 9692301.9 | J748: 0.0002305 | K748: 2.7575e-07 | M748: 8773243.2 | N748: 0.00023785 | O748: 2.7995e-07 | Q748: 7781684.2 | R748: 0.00019765 | S748: 2.306e-07 | U748: 7471586.3 | V748: 0.00023615 | W748: 2.2765e-07
E749: 8910190.7 | F749: 0.0002269 | G749: 2.838e-07 | I749: 9704905.7 | J749: 0.0002308 | K749: 2.76e-07 | M749: 8786126.1 | N749: 0.0002383 | O749: 2.8005e-07 | Q749: 7794828.9 | R749: 0.00019815 | S749: 2.318e-07 | U749: 7484314.7 | V749: 0.0002366 | W749: 2.2715e-07
E750: 8923410.6 | F750: 0.0002272 | G750: 2.838e-07 | I750: 9717509.4 | J750: 0.0002311 | K750: 2.7685e-07 | M750: 8799009 | N750: 0.00023875 | O750: 2.8025e-07 | Q750: 7807973.7 | R750: 0.0001987 | S750: 2.332e-07 | U750: 7497043.1 | V750: 0.000237 | W750: 2.2565e-07
E751: 8936630.5 | F751: 0.0002275 | G751: 2.8355e-07 | I751: 9717509.4 | J751: 0.0002314 | K751: 2.7765e-07 | M751: 8824774.8 | N751: 0.00023915 | O751: 2.806e-07 | Q751: 7834263.2 | R751: 0.0001992 | S751: 2.3385e-07 | U751: 7509771.6 | V751: 0.0002375 | W751: 2.2585e-07
E752: 8949850.3 | F752: 0.0002278 | G752: 2.831e-07 | I752: 9730113.2 | J752: 0.0002317 | K752: 2.7815e-07 | M752: 8837657.7 | N752: 0.0002396 | O752: 2.8105e-07 | Q752: 7847407.9 | R752: 0.00019975 | S752: 2.346e-07 | U752: 7522500 | V752: 0.000238 | W752: 2.2695e-07
E753: 8949850.3 | F753: 0.0002281 | G753: 2.829e-07 | I753: 9742717 | J753: 0.000232 | K753: 2.785e-07 | M753: 8850540.5 | N753: 0.0002401 | O753: 2.811e-07 | Q753: 7860552.6 | R753: 0.00020025 | S753: 2.349e-07 | U753: 7535228.4 | V753: 0.00023855 | W753: 2.2715e-07
E754: 8963070.2 | F754: 0.0002284 | G754: 2.8285e-07 | I754: 9755320.8 | J754: 0.0002323 | K754: 2.788e-07 | M754: 8863423.4 | N754: 0.0002406 | O754: 2.813e-07 | Q754: 7873697.4 | R754: 0.0002008 | S754: 2.357e-07 | U754: 7560685.3 | V754: 0.00023905 | W754: 2.261e-07
... E778: 9214247.7 | F778: 0.0002356 | G778: 2.848e-07 | I778: 10020000 | J778: 0.0002395 | K778: 2.8325e-07 | M778: 9146846.8 | N778: 0.0002508 | O778: 2.82e-07 | Q778: 8189171.1 | R778: 0.00021065 | S778: 2.38e-07 | U778: 7878895.9 | V778: 0.00024935 | W778: 2.402e-07
E779: 9227467.5 | F779: 0.0002359 | G779: 2.8535e-07 | M779: 9159729.7 | N779: 0.0002513 | O779: 2.8205e-07 | Q779: 8202315.8 | R779: 0.0002111 | S779: 2.388e-07 | U779: 7891624.4 | V779: 0.00024985 | W779: 2.3855e-07
E780: 9240687.4 | F780: 0.0002362 | G780: 2.8585e-07 | M780: 9172612.6 | N780: 0.00025165 | O780: 2.8215e-07 | Q780: 8215460.5 | R780: 0.00021155 | S780: 2.395e-07 | U780: 7904352.8 | V780: 0.00025045 | W780: 2.3755e-07
E781: 9253907.3 | F781: 0.0002365 | G781: 2.8595e-07 | M781: 9185495.5 | N781: 0.00025215 | O781: 2.823e-07 | Q781: 8228605.3 | R781: 0.00021195 | S781: 2.3935e-07 | U781: 7929809.6 | V781: 0.0002511 | W781: 2.358e-07
E782: 9253907.3 | F782: 0.0002368 | G782: 2.854e-07 | M782: 9185495.5 | N782: 0.0002526 | O782: 2.8245e-07 | Q782: 8254894.7 | R782: 0.0002124 | S782: 2.3955e-07 | U782: 7942538.1 | V782: 0.0002516 | W782: 2.3385e-07
E783: 9267127.2 | F783: 0.0002371 | G783: 2.85e-07 | M783: 9198378.4 | N783: 0.000253 | O783: 2.8275e-07 | Q783: 8268039.5 | R783: 0.00021285 | S783: 2.3995e-07 | U783: 7942538.1 | V783: 0.00025215 | W783: 2.3095e-07
E784: 9280347 | F784: 0.0002374 | G784: 2.8475e-07 | M784: 9211261.3 | N784: 0.0002534 | O784: 2.8315e-07 | Q784: 8281184.2 | R784: 0.00021335 | S784: 2.404e-07 | U784: 7955266.5 | V784: 0.00025275 | W784: 2.298e-07
E785: 9293566.9 | F785: 0.0002377 | G785: 2.8465e-07 | M785: 9224144.1 | N785: 0.00025375 | O785: 2.836e-07 | Q785: 8281184.2 | R785: 0.0002138 | S785: 2.398e-07 | U785: 7980723.4 | V785: 0.0002534 | W785: 2.2825e-07
E786: 9306786.8 | F786: 0.000238 | G786: 2.845e-07 | M786: 9224144.1 | N786: 0.00025415 | O786: 2.8395e-07 | Q786: 8307473.7 | R786: 0.0002143 | S786: 2.393e-07 | U786: 7993451.8 | V786: 0.000254 | W786: 2.261e-07
E787: 9306786.8 | F787: 0.0002383 | G787: 2.842e-07 | M787: 9237027 | N787: 0.0002546 | O787: 2.8445e-07 | Q787: 8320618.4 | R787: 0.0002148 | S787: 2.39e-07 | U787: 8006180.2 | V787: 0.0002546 | W787: 2.248e-07
E788: 9320006.6 | F788: 0.0002386 | G788: 2.8425e-07 | M788: 9249909.9 | N788: 0.000255 | O788: 2.846e-07 | Q788: 8333763.2 | R788: 0.00021525 | S788: 2.379e-07 | U788: 8018908.6 | V788: 0.0002552 | W788: 2.2355e-07
E789: 9333226.5 | F789: 0.0002389 | G789: 2.841e-07 | M789: 9262792.8 | N789: 0.00025545 | O789: 2.8455e-07 | Q789: 8346907.9 | R789: 0.0002157 | S789: 2.377e-07 | U789: 8031637.1 | V789: 0.0002557 | W789: 2.2085e-07
E790: 9346446.4 | F790: 0.0002392 | G790: 2.838e-07 | M790: 9262792.8 | N790: 0.0002558 | O790: 2.848e-07 | Q790: 8360052.6 | R790: 0.0002162 | S790: 2.3725e-07 | U790: 8044365.5 | V790: 0.0002562 | W790: 2.2e-07
... E856: 9981000 | F856: 0.000259 | G856: 2.8735e-07 | M856: 9984234.2 | N856: 0.0002781 | O856: 2.998e-07 | Q856: 9280184.2 | R856: 0.00024615 | S856: 2.0985e-07 | U856: 8935355.3 | V856: 0.00029095 | W856: 2.6355e-07
M857: 9997117.1 | N857: 0.0002785 | O857: 2.9955e-07 | Q857: 9293328.9 | R857: 0.00024675 | S857: 2.103e-07 | U857: 8948083.8 | V857: 0.00029165 | W857: 2.632e-07
M858: 10010000 | N858: 0.0002789 | O858: 2.9885e-07 | Q858: 9306473.7 | R858: 0.0002473 | S858: 2.1055e-07 | U858: 8960812.2 | V858: 0.0002923 | W858: 2.622e-07
M859: 10010000 | N859: 0.0002793 | O859: 2.984e-07 | Q859: 9319618.4 | R859: 0.0002479 | S859: 2.116e-07 | U859: 8973540.6 | V859: 0.0002929 | W859: 2.6215e-07
M860: 10010000 | N860: 0.0002797 | O860: 2.986e-07 | Q860: 9332763.2 | R860: 0.00024845 | S860: 2.128e-07 | U860: 8986269 | V860: 0.0002936 | W860: 2.621e-07
M861: 10010000 | N861: 0.0002801 | O861: 2.9845e-07 | Q861: 9345907.9 | R861: 0.000249 | S861: 2.133e-07 | U861: 8998997.5 | V861: 0.0002942 | W861: 2.62e-07
Q862: 9359052.6 | R862: 0.00024945 | S862: 2.1325e-07 | U862: 9011725.9 | V862: 0.00029495 | W862: 2.624e-07
Q863: 9385342.1 | R863: 0.00024985 | S863: 2.1355e-07 | U863: 9037182.7 | V863: 0.00029565 | W863: 2.624e-07
Q864: 9398486.8 | R864: 0.00025025 | S864: 2.141e-07 | U864: 9049911.2 | V864: 0.0002963 | W864: 2.6205e-07
Q865: 9411631.6 | R865: 0.00025075 | S865: 2.1455e-07 | U865: 9062639.6 | V865: 0.00029695 | W865: 2.616e-07
Q866: 9424776.3 | R866: 0.00025125 | S866: 2.145e-07 | U866: 9075368 | V866: 0.0002976 | W866: 2.6115e-07
Q867: 9437921.1 | R867: 0.00025175 | S867: 2.155e-07 | U867: 9088096.4 | V867: 0.0002982 | W867: 2.6085e-07
Q868: 9451065.8 | R868: 0.0002522 | S868: 2.163e-07 | U868: 9100824.9 | V868: 0.0002988 | W868: 2.594e-07
Q869: 9464210.5 | R869: 0.00025265 | S869: 2.186e-07 | U869: 9113553.3 | V869: 0.00029945 | W869: 2.5695e-07
Q870: 9477355.3 | R870: 0.0002531 | S870: 2.1975e-07 | U870: 9113553.3 | V870: 0.0003001 | W870: 2.568e-07
Q871: 9490500 | R871: 0.00025355 | S871: 2.215e-07 | U871: 9139010.2 | V871: 0.0003007 | W871: 2.5695e-07
Q872: 9503644.7 | R872: 0.00025395 | S872: 2.2335e-07 | U872: 9164467 | V872: 0.00030125 | W872: 2.556e-07
Q873: 9516789.5 | R873: 0.0002543 | S873: 2.241e-07 | U873: 9177195.4 | V873: 0.0003019 | W873: 2.5485e-07
... Q927: 9990000 | R927: 0.0002693 | S927: 2.164e-07 | U927: 9928172.6 | V927: 0.000336 | W927: 2.6385e-07
U928: 9940901 | V928: 0.0003366 | W928: 2.639e-07
U929: 9953629.4 | V929: 0.00033725 | W929: 2.638e-07
U930: 9966357.9 | V930: 0.0003379 | W930: 2.638e-07
U931: 9979086.3 | V931: 0.0003386 | W931: 2.6475e-07
U932: 9991814.7 | V932: 0.0003393 | W932: 2.665e-07
U933: 10004543 | V933: 0.00033995 | W933: 2.672e-07
U934: 10017272 | V934: 0.00034055 | W934: 2.6945e-07
U935: 10030000 | V935: 0.0003411 | W935: 2.7255e-07
U936: 10030000 | V936: 0.0003417 | W936: 2.7345e-07
U937: 10030000 | V937: 0.00034225 | W937: 2.748e-07
U938: 10030000 | V938: 0.0003428 | W938: 2.7635e-07
U939: 10030000 | V939: 0.0003432 | W939: 2.7825e-07
